/* Colors */
INSERT INTO `str_chatpacks` (pack_name) VALUES ("SourceMod"), ("Roblox");

INSERT INTO `str_chatcolors` (color_trie, color_name, color_type) VALUES ('gray', 'Gray', 'GREYSCALE'),('dimgray', 'Dim Gray', 'GREYSCALE'),('lightgray', 'Light Gray', 'GREYSCALE'),('darkslategray', 'Dark Slate Gray', 'GREYSCALE'),('aliceblue','Alice Blue','BLUE'),('allies','Allies','GREEN'),('ancient','Ancient','RED'),('antiquewhite','Antique White','GREYSCALE'),('aqua','Aqua','BLUE'),('aquamarine','Aquamarine','BLUE'),('arcana','Arcana','GREEN'),('axis','Axis','RED'),('azure','Azure','BLUE'),('beige','Beige','GREYSCALE'),('bisque','Bisque','BROWN'),('black','Black','GREYSCALE'),('blanchedalmond','Blanched Almond','GREYSCALE'),('blue','Blue','BLUE'),('blueviolet','Blue Violet','PURPLE'),('brown','Brown','BROWN'),('burlywood','Burly Wood','BROWN'),('cadetblue','Cadet Blue','BLUE'),('chartreuse','Charteuse','GREEN'),('chocolate','Chocolate','BROWN'),('collectors','Collectors','RED'),('common','Common','GREYSCALE'),('community','Community','GREEN'),('coral','Coral','ORANGE'),('cornflowerblue','Cornflower Blue','BLUE'),('cornsilk','Corn Silk','BROWN'),('corrupted','Corrupted','RED'),('crimson','Crimson','RED'),('cyan','Cyan','BLUE'),('darkblue','Dark Blue','BLUE'),('darkcyan','Dark Cyan','BLUE'),('darkgoldenrod','Dark Goldenrod','YELLOW'),('darkgray','Dark Grey','GREYSCALE'),('darkgreen','Dark Green','GREEN'),('darkkhaki','Dark Khaki','BROWN'),('darkmagenta','Dark Magenta','PURPLE'),('darkolivegreen','Dark Olive Green','GREEN'),('darkorange','Dark Orange','Orange'),('darkorchid','Dark Orchid','PURPLE'),('darkred','Dark Red','RED'),('darksalmon','Dark Salmon','Orange'),('darkseagreen','Dark Sea Green','GREEN'),('darkslateblue','Dark Slate Blue','BLUE'),('darkslategrey','Dark Slate Grey','GREYSCALE'),('darkturquoise','Dark Turquoise','BLUE'),('darkviolet','Dark Violet','PURPLE'),('deeppink','Deep Pink','PINK'),('deepskyblue','Deep Sky Blue','BLUE'),('dimgrey','Dim Grey','GREYSCALE'),('dodgerblue','Dodger Blue','BLUE'),('exalted','Exalted','GREYSCALE'),('firebrick','Fire Brick','RED'),('floralwhite','Floral White','GREYSCALE'),('forestgreen','Forest Green','GREEN'),('frozen','Frozen','BLUE'),('fuschia','Fuschia','PINK'),('fullblue','Full Blue','BLUE'),('fullred','Full Red','RED'),('gainsboro','Gainsboro','GREYSCALE'),('genuine','Genuine','GREEN'),('ghostwhite','Ghost White','GREYSCALE'),('gold','Gold','YELLOW'),('goldenrod','Goldenrod','YELLOW'),('green','Green','GREEN'),('greenyellow','Green Yellow','GREEN'),('grey','Grey','GREYSCALE'),('haunted','Haunted','GREEN'),('honeydew','Honeydew','GREEN'),('hotpink','Hot Pink','PINK'),('immortal','Immortal','YELLOW'),('indianred','Indian Red','RED'),('indigo','Indigo','PURPLE'),('ivory','Ivory','GREYSCALE'),('khaki','Khaki','BROWN'),('lavender','Lavender','PURPLE'),('lavenderblush','Lavender Blush','PINK'),('lawngreen','Lawn Green','GREEN'),('legendary','Legendary','PURPLE'),('lemonchiffon','Lemon Chiffon','YELLOW'),('lightblue','Light Blue','BLUE'),('lightcoral','Light Coral','PINK'),('lightcyan','Light Cyan','BLUE'),('lightgoldenrodyellow','Light Goldenrod','YELLOW'),('lightgreen','Light Green','GREEN'),('lightgrey','Light Grey','GREYSCALE'),('lightpink','Light Pink','PINK'),('lightsalmon','Light Salmon','ORANGE'),('lightseagreen','Light Sea Green','BLUE'),('lightskyblue','Light Sky Blue','BLUE'),('lightslategrey','Light Slate Grey','GREYSCALE'),('lightsteelblue','Light Steel Blue','BLUE'),('lightyellow','Light Yellow','YELLOW'),('lime','Lime','GREEN'),('limegreen','Lime Green','GREEN'),('linen','Linen','BROWN'),('magenta','Magenta','PINK'),('maroon','Maroon','RED'),('mediumaquamarine','Medium Aquamarine','BLUE'),('mediumblue','Medium Blue','BLUE'),('mediumorchid','Medium Orchid','PURPLE'),('mediumpurple','Medium Purple','PURPLE'),('mediumseagreen','Medium Sea Green','GREEN'),('mediumslateblue','Medium Slate Blue','BLUE'),('mediumspringgreen','Medium Spring Green','GREEN'),('mediumturquoise','Medium Turquoise','BLUE'),('mediumvioletred','Medium Violet Red','PINK'),('midnightblue','Midnight Blue','BLUE'),('mintcream','Mint Cream','GREYSCALE'),('mistyrose','Misty Rose','PINK'),('moccasin','Moccasin','BROWN'),('mythical','Mythical','PURPLE'),('navajowhite','Navajo White','BROWN'),('navy','Navy','BLUE'),('normal','Normal','GREYSCALE'),('oldlace','Old Lace','BROWN'),('olive','Olive','GREEN'),('olivedrab','Olive Drab','GREEN'),('orange','Orange','ORANGE'),('orangered','Orange Red','RED'),('orchid','Orchid','PINK'),('palegoldenrod','Pale Goldenrod','YELLOW'),('palegreen','Pale Green','GREEN'),('paleturquoise','Pale Turquoise','BLUE'),('palevioletred','Pale Violet Red','RED'),('papayawhip','Papaya Whip','BROWN'),('peachpuff','Peach Puff','BROWN'),('peru','Peru','BROWN'),('pink','Pink','PINK'),('plum','Plum','PURPLE'),('powderblue','Powder Blue','BLUE'),('purple','Purple','PURPLE'),('rare','Rare','BLUE'),('ralder','Alder','PURPLE'),('rartichoke','Artichoke','GREEN'),('rbabyblue','Baby Blue','BLUE'),('rbeige','Beige','BROWN'),('rblack','Black','GREYSCALE'),('rbrickyellow','Brick Yellow','BROWN'),('rbrightblue','Bright Blue','BLUE'),('rbrightbluishgreen','Bright Blue Green','BLUE'),('rbrightbluishviolet','Bright Blue Violet','BLUE'),('rbrightgreen','Bright Green','GREEN'),('rbrightorange','Bright Orange','ORANGE'),('rbrightpurple','Bright Purple','PINK'),('rbrightred','Bright Red','RED'),('rbrightreddishlilac','Bright Red Lilac','PURPLE'),('rbrightreddishorange','Bright Red Orange','ORANGE'),('rbrightreddishviolet','Bright Red Violet','PURPLE'),('rbrightviolet','Bright Violet','PURPLE'),('rbrightyellow','Bright Yellow','YELLOW'),('rbrightyellowishgreen','Bright Yellow Green','GREEN'),('rbrightyellowishorange','Bright Yellow Orange','ORANGE'),('rbronze','Bronze','BROWN'),('rbrown','Brown','BROWN'),('rburgundy','Burgundy','BROWN'),('rburlap','Burlap','BROWN'),('rburntsienna','Burnt Sienna','BROWN'),('rbuttermilk','Buttermilk','YELLOW'),('rcadetblue','Cadet Blue','BLUE'),('rcamo','Camo','GREEN'),('rcarnationpink','Carnation Pink','PINK'),('rcashmere','Cashmere','BROWN'),('rcgabrown','CGA Brown','BROWN'),('rcloudygrey','Cloudy Grey','GREYSCALE'),('rcocoa','Cocoa','BROWN'),('rcoolyellow','Cool Yellow','YELLOW'),('rcopper','Copper','BROWN'),('rcork','Cork','BROWN'),('rcrimson','Crimson','RED'),('rcurry','Curry','BROWN'),('rcyan','Cyan','BLUE'),('rdaisyorange','Daisy Orange','YELLOW'),('rdarkblue','Dark Blue','BLUE'),('rdarkcurry','Dark Curry','BROWN'),('rdarkgreen','Dark Green','GREEN'),('rdarkgrey','Dark Grey','GREYSCALE'),('rdarkindigo','Dark Indigo','PURPLE'),('rdarknougat','Dark Nougat','BROWN'),('rdarkorange','Dark Orange','BROWN'),('rdarkred','Dark Red','RED'),('rdarkroyalblue','Dark Royal Blue','BLUE'),('rdarkstonegrey','Dark Stone Grey','GREYSCALE'),('rdarktaupe','Dark Taupe','BROWN'),('rdeepblue','Deep Blue','BLUE'),('rdeeporange','Deep Orange','ORANGE'),('rdirtbrown','Dirt Brown','BROWN'),('rdoveblue','Dove Blue','BLUE'),('rdustyrose','Dusty Rose','RED'),('rearthblue','Earth Blue','BLUE'),('rearthgreen','Earth Green','GREEN'),('rearthorange','Earth Orange','BROWN'),('rearthyellow','Earth Yellow','BROWN'),('reggplant','Eggplant','PURPLE'),('relectricblue','Electric Blue','BLUE'),('rfadedgreen','Faded Green','GREEN'),('rfawnbrown','Fawn Brown','BROWN'),('rfireyellow','Fire Yellow','YELLOW'),('rflamereddishorange','Flame Red Orange','ORANGE'),('rflameyellowishorange','Flame Yellow Orange','ORANGE'),('rflint','Flint','GREYSCALE'),('rfog','Fog','GREYSCALE'),('rforestgreen','Forest Green','GREEN'),('rfossil','Fossil','GREYSCALE'),('rghostgrey','Ghost Grey','GREYSCALE'),('rgold','Gold','YELLOW'),('rgrey','Grey','GREYSCALE'),('rgrime','Grime','GREEN'),('rgunmetallic','Gun Metallic','GREYSCALE'),('rhotpink','Hot Pink','PINK'),('rhurricanegrey','Hurricane Grey','GREYSCALE'),('rinstitutionalwhite','Institutional White','GREYSCALE'),('rkhaki','Khaki','BROWN'),('rlapis','Lapis','BLUE'),('rlaurelgreen','Laurel Green','GREEN'),('rlavender','Lavender','PURPLE'),('rlightblue','Light Blue','BLUE'),('rlightbluishgreen','Light Blue Green','BLUE'),('rlightbluishviolet','Light Blue Violet','BLUE'),('rlightbrickyellow','Light Brick Yellow','BROWN'),('rlightgreenmint','Light Mint Green','GREEN'),('rlightgrey','Light Grey','GREYSCALE'),('rlightlilac','Light Lilac','PURPLE'),('rlightorange','Light Orange','BROWN'),('rlightorangebrown','Light Orange Brown','BROWN'),('rlightpink','Light Pink','PINK'),('rlightpurple','Light Purple','PINK'),('rlightred','Light Red','RED'),('rlightredviolet','Light Red Violet','PURPLE'),('rlightroyalblue','Light Royal Blue','BLUE'),('rlightstonegrey','Light Stone Grey','GREYSCALE'),('rlightyellow','Light Yellow','YELLOW'),('rlightyellowishgreen','Light Yellow Green','GREEN'),('rlightyellowishorange','Light Yellow Orange','BROWN'),('rlilac','Lilac','PURPLE'),('rlilywhite','Lily White','GREYSCALE'),('rlimegreen','Lime Green','GREEN'),('rlinen','Linen','BROWN'),('rmagenta','Magenta','PINK'),('rmaroon','Maroon','RED'),('rmauve','Mauve','PURPLE'),('rmedbluishgreen','Medium Blue Green','BLUE'),('rmedgreen','Medium Green','GREEN'),('rmediumblue','Medium Blue','BLUE'),('rmediumbluishviolet','Medium Blue Violet','BLUE'),('rmediumlilac','Medium Lilac','PURPLE'),('rmediumorange','Medium Orange','ORANGE'),('rmediumred','Medium Red','RED'),('rmediumroyalblue','Medium Royal Blue','BLUE'),('rmediumstonegrey','Medium Stone Grey','GREYSCALE'),('rmedredviolet','Medium Red Violet','PURPLE'),('rmedyellowishgreen','Medium Yellow Green','GREEN'),('rmedyellowishorange','Medium Yellow Orange','ORANGE'),('rmidgrey','Mid Grey','GREYSCALE'),('rmint','Mint','GREEN'),('rmoss','Moss','GREEN'),('rmulberry','Mulberry','PURPLE'),('rnavyblue','Navy Blue','BLUE'),('rneonorange','Neon Orange','ORANGE'),('rnewyeller','New Yeller','YELLOW'),('rnougat','Nougat','BROWN'),('rolive','Olive','GREEN'),('rolivine','Olivine','GREEN'),('royster','Oyster','GREYSCALE'),('rparsleygreen','Parsley Green','GREEN'),('rpastelblue','Pastel Blue','BLUE'),('rpastelbluegreen','Pastel Blue Green','BLUE'),('rpastelbrown','Pastel Brown','BROWN'),('rpastelgreen','Pastel Green','GREEN'),('rpastellightblue','Pastel Light Blue','BLUE'),('rpastelorange','Pastel Orange','ORANGE'),('rpastelviolet','Pastel Violet','PURPLE'),('rpastelyellow','Pastel Yellow','YELLOW'),('rpearl','Pearl','GREYSCALE'),('rpersimmon','Persimmon','ORANGE'),('rpinecone','Pinecone','BROWN'),('rpink','Pink','PINK'),('rplum','Plum','PURPLE'),('rposphwhite','Posph. White','GREYSCALE'),('rquillgrey','Quill Grey','GREYSCALE'),('rreallyblack','Really Black','GREYSCALE'),('rreallyblue','Really Blue','BLUE'),('rreallyred','Really Red','RED'),('rreddishbrown','Reddish Brown','BROWN'),('rreddishlilac','Red Lilac','PURPLE'),('rroyalblue','Royal Blue','BLUE'),('rroyalpurple','Royal Purple','PURPLE'),('rrust','Rust','BROWN'),('rsagegreen','Sage Green','GREEN'),('rsalmon','Salmon','PINK'),('rsandblue','Sand Blue','BLUE'),('rsandgreen','Sand Green','GREEN'),('rsandred','Sand Red','RED'),('rsandviolet','Sand Violet','PURPLE'),('rseagreen','Sea Green','GREEN'),('rseashell','Sea Shell','PINK'),('rshamrock','Shamrock','GREEN'),('rsilver','Silver','GREYSCALE'),('rslimegreen','Slime Green','GREEN'),('rsmokygrey','Smoky Grey','GREYSCALE'),('rsteelblue','Steel Blue','BLUE'),('rstormblue','Storm Blue','BLUE'),('rsunrise','Sunrise','PURPLE'),('rtawny','Tawny','BROWN'),('rteal','Teal','BLUE'),('rterracotta','Terra Cotta','BROWN'),('rtoothpaste','Toothpaste','BLUE'),('rtrblue','Tr. Blue','BLUE'),('rtrbrightbluishviolet','Tr. Br. Blue Violet','BLUE'),('rtrgreen','Tr. Green','GREEN'),('rtrlgblue','Light Tr. Blue','BLUE'),('rtrlilac','Tr. Lilac','PURPLE'),('rtrmedireddishviolet','Med Tr. Red Violet','PINK'),('rtrred','Tr. Red','RED'),('rtryellow','Tr. Yellow','YELLOW'),('rturquoise','Turquoise','BLUE'),('rwarmyellowishorange','Warm Yellow Orange','BROWN'),('rwheat','Wheat','BROWN'),('rwhite','White','GREYSCALE'),('red','Red','RED'),('rosybrown','Rosy Brown','BROWN'),('royalblue','Royal Blue','BLUE'),('saddlebrown','Saddle Brown','BROWN'),('salmon','Salmon','ORANGE'),('sandybrown','Sandy Brown','BROWN'),('seagreen','Sea Green','GREEN'),('seashell','Seashell','GREYSCALE'),('selfmade','Selfmade','GREEN'),('sienna','Sienna','BROWN'),('silver','Silver','GREYSCALE'),('skyblue','Sky Blue','BLUE'),('slateblue','Slate Blue','BLUE'),('slategrey','Slate Grey','GREYSCALE'),('snow','Snow','GREYSCALE'),('springgreen','Spring Green','GREEN'),('steelblue','Steel Blue','BLUE'),('strange','Strange','ORANGE'),('tan','Tan','BROWN'),('teal','Teal','BLUE'),('thistle','Thistle','PURPLE'),('tomato','Tomato','RED'),('turquoise','Turquoise','BLUE'),('uncommon','Uncommon','GREYSCALE'),('unique','Unique','YELLOW'),('unusual','Unusual','PURPLE'),('valve','Valve','PURPLE'),('vintage','Vintage','BLUE'),('violet','Violet','PINK'),('wheat','Wheat','BROWN'),('white','White','GREYSCALE'),('whitesmoke','White Smoke','GREYSCALE'),('yellow','Yellow','YELLOW'),('yellowgreen','Yellow Green','GREEN');

INSERT INTO `str_colorspacks` (color_trie, pack_id) VALUES ('fuschia', 1),('gray', 1),('dimgray', 1),('lightgray', 1),('darkslategray', 1),('aliceblue',1),('allies',1),('ancient',1),('antiquewhite',1),('aqua',1),('aquamarine',1),('arcana',1),('axis',1),('azure',1),('beige',1),('bisque',1),('black',1),('blanchedalmond',1),('blue',1),('blueviolet',1),('brown',1),('burlywood',1),('cadetblue',1),('chartreuse',1),('chocolate',1),('collectors',1),('common',1),('community',1),('coral',1),('cornflowerblue',1),('cornsilk',1),('corrupted',1),('crimson',1),('cyan',1),('darkblue',1),('darkcyan',1),('darkgoldenrod',1),('darkgray',1),('darkgreen',1),('darkkhaki',1),('darkmagenta',1),('darkolivegreen',1),('darkorange',1),('darkorchid',1),('darkred',1),('darksalmon',1),('darkseagreen',1),('darkslateblue',1),('darkslategrey',1),('darkturquoise',1),('darkviolet',1),('deeppink',1),('deepskyblue',1),('dimgrey',1),('dodgerblue',1),('exalted',1),('firebrick',1),('floralwhite',1),('forestgreen',1),('frozen',1),('fuchsia',1),('fullblue',1),('fullred',1),('gainsboro',1),('genuine',1),('ghostwhite',1),('gold',1),('goldenrod',1),('green',1),('greenyellow',1),('grey',1),('haunted',1),('honeydew',1),('hotpink',1),('immortal',1),('indianred',1),('indigo',1),('ivory',1),('khaki',1),('lavender',1),('lavenderblush',1),('lawngreen',1),('legendary',1),('lemonchiffon',1),('lightblue',1),('lightcoral',1),('lightcyan',1),('lightgoldenrodyellow',1),('lightgreen',1),('lightgrey',1),('lightpink',1),('lightsalmon',1),('lightseagreen',1),('lightskyblue',1),('lightslategrey',1),('lightsteelblue',1),('lightyellow',1),('lime',1),('limegreen',1),('linen',1),('magenta',1),('maroon',1),('mediumaquamarine',1),('mediumblue',1),('mediumorchid',1),('mediumpurple',1),('mediumseagreen',1),('mediumslateblue',1),('mediumspringgreen',1),('mediumturquoise',1),('mediumvioletred',1),('midnightblue',1),('mintcream',1),('mistyrose',1),('moccasin',1),('mythical',1),('navajowhite',1),('navy',1),('normal',1),('oldlace',1),('olive',1),('olivedrab',1),('orange',1),('orangered',1),('orchid',1),('palegoldenrod',1),('palegreen',1),('paleturquoise',1),('palevioletred',1),('papayawhip',1),('peachpuff',1),('peru',1),('pink',1),('plum',1),('powderblue',1),('purple',1),('rare',1),('ralder',2),('rartichoke',2),('rbabyblue',2),('rbeige',2),('rblack',2),('rbrickyellow',2),('rbrightblue',2),('rbrightbluishgreen',2),('rbrightbluishviolet',2),('rbrightgreen',2),('rbrightorange',2),('rbrightpurple',2),('rbrightred',2),('rbrightreddishlilac',2),('rbrightreddishorange',2),('rbrightreddishviolet',2),('rbrightviolet',2),('rbrightyellow',2),('rbrightyellowishgreen',2),('rbrightyellowishorange',2),('rbronze',2),('rbrown',2),('rburgundy',2),('rburlap',2),('rburntsienna',2),('rbuttermilk',2),('rcadetblue',2),('rcamo',2),('rcarnationpink',2),('rcashmere',2),('rcgabrown',2),('rcloudygrey',2),('rcocoa',2),('rcoolyellow',2),('rcopper',2),('rcork',2),('rcrimson',2),('rcurry',2),('rcyan',2),('rdaisyorange',2),('rdarkblue',2),('rdarkcurry',2),('rdarkgreen',2),('rdarkgrey',2),('rdarkindigo',2),('rdarknougat',2),('rdarkorange',2),('rdarkred',2),('rdarkroyalblue',2),('rdarkstonegrey',2),('rdarktaupe',2),('rdeepblue',2),('rdeeporange',2),('rdirtbrown',2),('rdoveblue',2),('rdustyrose',2),('rearthblue',2),('rearthgreen',2),('rearthorange',2),('rearthyellow',2),('reggplant',2),('relectricblue',2),('rfadedgreen',2),('rfawnbrown',2),('rfireyellow',2),('rflamereddishorange',2),('rflameyellowishorange',2),('rflint',2),('rfog',2),('rforestgreen',2),('rfossil',2),('rghostgrey',2),('rgold',2),('rgrey',2),('rgrime',2),('rgunmetallic',2),('rhotpink',2),('rhurricanegrey',2),('rinstitutionalwhite',2),('rkhaki',2),('rlapis',2),('rlaurelgreen',2),('rlavender',2),('rlightblue',2),('rlightbluishgreen',2),('rlightbluishviolet',2),('rlightbrickyellow',2),('rlightgreenmint',2),('rlightgrey',2),('rlightlilac',2),('rlightorange',2),('rlightorangebrown',2),('rlightpink',2),('rlightpurple',2),('rlightred',2),('rlightredviolet',2),('rlightroyalblue',2),('rlightstonegrey',2),('rlightyellow',2),('rlightyellowishgreen',2),('rlightyellowishorange',2),('rlilac',2),('rlilywhite',2),('rlimegreen',2),('rlinen',2),('rmagenta',2),('rmaroon',2),('rmauve',2),('rmedbluishgreen',2),('rmedgreen',2),('rmediumblue',2),('rmediumbluishviolet',2),('rmediumlilac',2),('rmediumorange',2),('rmediumred',2),('rmediumroyalblue',2),('rmediumstonegrey',2),('rmedredviolet',2),('rmedyellowishgreen',2),('rmedyellowishorange',2),('rmidgrey',2),('rmint',2),('rmoss',2),('rmulberry',2),('rnavyblue',2),('rneonorange',2),('rnewyeller',2),('rnougat',2),('rolive',2),('rolivine',2),('royster',2),('rparsleygreen',2),('rpastelblue',2),('rpastelbluegreen',2),('rpastelbrown',2),('rpastelgreen',2),('rpastellightblue',2),('rpastelorange',2),('rpastelviolet',2),('rpastelyellow',2),('rpearl',2),('rpersimmon',2),('rpinecone',2),('rpink',2),('rplum',2),('rposphwhite',2),('rquillgrey',2),('rreallyblack',2),('rreallyblue',2),('rreallyred',2),('rreddishbrown',2),('rreddishlilac',2),('rroyalblue',2),('rroyalpurple',2),('rrust',2),('rsagegreen',2),('rsalmon',2),('rsandblue',2),('rsandgreen',2),('rsandred',2),('rsandviolet',2),('rseagreen',2),('rseashell',2),('rshamrock',2),('rsilver',2),('rslimegreen',2),('rsmokygrey',2),('rsteelblue',2),('rstormblue',2),('rsunrise',2),('rtawny',2),('rteal',2),('rterracotta',2),('rtoothpaste',2),('rtrblue',2),('rtrbrightbluishviolet',2),('rtrgreen',2),('rtrlgblue',2),('rtrlilac',2),('rtrmedireddishviolet',2),('rtrred',2),('rtryellow',2),('rturquoise',2),('rwarmyellowishorange',2),('rwheat',2),('rwhite',2),('red',1),('rosybrown',1),('royalblue',1),('saddlebrown',1),('salmon',1),('sandybrown',1),('seagreen',1),('seashell',1),('selfmade',1),('sienna',1),('silver',1),('skyblue',1),('slateblue',1),('slategrey',1),('snow',1),('springgreen',1),('steelblue',1),('strange',1),('tan',1),('teal',1),('thistle',1),('tomato',1),('turquoise',1),('uncommon',1),('unique',1),('unusual',1),('valve',1),('vintage',1),('violet',1),('wheat',1),('white',1),('whitesmoke',1),('yellow',1),('yellowgreen',1) ON DUPLICATE KEY UPDATE color_trie = color_trie;

/* Upgrades */
INSERT INTO `str_upgrades` (item_id, name, description, owner_id, price) VALUES 
('ugd_ccht','Colored Chat','Color your chat using colors\nprovided by our palettes!','STORE',5000),
('ugd_clr_rblx','Roblox Palette','BrickColors ripped straight from the roblox wiki!\nUse them to spice up your name / chat!','STORE',2500),
('ugd_clr_srcm','SourceMod Color Pack','The default color pack.\nYou get this even if you cant color your name/text.','STORE',0),
('ugd_cnme','Colored Name','Color your name using colors\nprovided by our palettes!','STORE',5000),
('ugd_cfmt','Chat Formatting', 'Use color tags in chat to change the color of your words mid sentence! Ex. {red}Hello!','STORE',7500),
('ugd_csnd','Join/Leave Announcements','The ability to choose a sound that plays when you join/leave.\nPlayers will also be notified in chat when you join or leave the server.','STORE',5000),
('ugd_dsnd','Death Sounds','Play a sound when you die, or while you're dead!','STORE',5000),
('ugd_rank','Rank Tag','The ability to have your rank\ndisplayed in chat, before or\nafter your name.','STORE',1500),
('ugd_spcs','Spectator Sounds','Use your soundboard while in spectator!','STORE', 7500),
('ugd_uwep','Unusual Weapons', 'The ability to change your weapons unusual effect in your loadout!','STORE', 10000),
('ugd_ucos','Unusual Cosmetics', 'The ability to change your cosmetics unusual effect in your loadout!', 'STORE', 10000),
('ugd_utnt','Unusual Taunts', 'The ability to change your taunts unusual effect in your loadout!','STORE', 10000),
('ugd_ncld','No Sound Cooldown', 'The ability to play a sound, even if its on cooldown.', 'STORE', 10000),
('ugd_dt_cdt','Donate Credits', 'The ability to donate your credits to other players!', 'STORE', 5000),
('ugd_dp_cdt','Drop Credits', 'The ability to drop credits as items for others to pick up. Be warned, they will vanish after a little while!', 'STORE', 5000);
('ugd_cclr', 'Custom Cosmetic Colors', 'The ability to set your cosmetics to custom colors, instead of paintkit colors!', 'STORE', 10000);

/* Sounds */
INSERT INTO `str_sounds` (item_id, name, filepath, cooldown, owner_id, price) VALUES ('snd_aaau','AAAU','snt_sounds/aaau.mp3',1,'STORE',1000),('snd_airh','Air Horn','snt_sounds/air_horn.mp3',0.2,'STORE',1500),('snd_alrt','MGS Alert','snt_sounds/mgs_alert.mp3',1,'STORE',1000),('snd_augh','Augh','snt_sounds/augh.mp3',0.1,'STORE',1000),('snd_awd_bgum','MF DOOM - Mic Check','snt_sounds/miccheck.mp3',0.1,'[U:1:76662565]',0),('snd_awd_gdpr','Lord Vader - God Damn PR','snt_sounds/lord_vader_pr.mp3',2,'[U:1:469426683]',0),('snd_awd_leeroy','LEEEROOOOYYYY JENKINS','snt_sounds/leeroy_jenkins.mp3',2.5,'[U:1:889770245]',0),('snd_awd_pkmglint','Shiny Pokemon SFX','snt_sounds/pokemon_glint.mp3',0.1,'[U:1:105279633]',0),('snd_bbym','Baby Mario','snt_sounds/baby_mario.mp3',0.5,'STORE',2500),('snd_bigb','TKFB - Big Man\'s Back','snt_sounds/bigman_back.mp3',2,'STORE',750),('snd_bigk','TKFB - Happy To See Ya','snt_sounds/bigman_happy.mp3',1.7,'STORE',750),('snd_bigl','TKFB - Big Man Signin Off','snt_sounds/bigman_signoff.mp3',1.5,'STORE',750),('snd_bigq','TKFB - QUALUUDES!','snt_sounds/bigman_ludes.mp3',2.8,'STORE',1000),('snd_bonk','Bonk','snt_sounds/bonk.mp3',0.2,'STORE',1000),('snd_bruh','Bruh','snt_sounds/bruh.mp3',1,'STORE',500),('snd_bttb','Bad To The Bone','snt_sounds/bttb.mp3',1.5,'STORE',1500),('snd_bwmp','Boowomp','snt_sounds/boowomp.mp3',0.3,'STORE',1000),('snd_cdid','Ganon Die','snt_sounds/cdi_die.mp3',0.2,'STORE',500),('snd_come','COME!','snt_sounds/come.mp3',1,'STORE',500),('snd_crct','Correct','snt_sounds/correct.mp3',1,'STORE',500),('snd_crow','Crow','snt_sounds/crow.mp3',0.5,'STORE',250),('snd_doit','DOIT','snt_sounds/chinese_doit.mp3',0.2,'STORE',500),('snd_door','opun dorr','snt_sounds/open_door.mp3',2,'STORE',1000),('snd_evnt_twrp','nigga -twerp','snt_sounds/twerpwhywouldyousaythat.mp3',0.1,'THREEPOINTO',0),('snd_fish','FISH','snt_sounds/fish.mp3',1,'STORE',500),('snd_fwrb','Fart (w Reverb)','snt_sounds/fwr.mp3',2,'STORE',1000),('snd_gate','OPEN THE GATE','snt_sounds/open_the_gate.mp3',0.1,'STORE',250),('snd_guts','Gutsman\'s Ass','snt_sounds/gutsman.mp3',2,'STORE',500),('snd_hkwp','Waterphone','snt_sounds/hkwphone.mp3',4.2,'STORE',1500),('snd_hlml','Holay Molay','snt_sounds/holay_molay.mp3',0.8,'STORE',750),('snd_huh','Huh','snt_sounds/huh.mp3',0.5,'STORE',500),('snd_klnm','Klonoa - Munya','snt_sounds/klonoa_munya.mp3',0.1,'STORE',750),('snd_klnw','Klonoa - WAHOO!','snt_sounds/klonoa_wahoo.mp3',0.1,'STORE',750),('snd_lean','I LOVE LEAN','snt_sounds/lean.mp3',0.3,'STORE',1000),('snd_lgyd','Lego Yoda Scream','snt_sounds/lego_yoda.mp3',0.1,'STORE',500),('snd_mspam_warn1','YPP Whistle','snt_sounds/ypp_whistle.mp3',1.2,'SYSTEM',0),('snd_mtpe','Metal Pipe','snt_sounds/metal_pipe.mp3',1,'STORE',2000),('snd_myst','Mystery','snt_sounds/eb_mystery.mp3',2.2,'[U:1:115545346]',0),('snd_oof','Oof','snt_sounds/oof.mp3',0.2,'STORE',2000),('snd_pngs','Pingas','snt_sounds/pingas.mp3',0.5,'STORE',500),('snd_rizz','Rizz','snt_sounds/rizz.mp3',1,'STORE',500),('snd_shia','Shia LaBeouf DO IT!','snt_sounds/shia_doit.mp3',0.3,'STORE',500),('snd_skbd','Skibidi','snt_sounds/skibidi.mp3',4,'STORE',2500),('snd_smk','Smoke Weed','snt_sounds/snoop_smoke.mp3',1.8,'STORE',1000),('snd_spen','SPEEN','snt_sounds/speen.mp3',1,'STORE',750),('snd_sque','Squee','snt_sounds/squee.mp3',0.2,'STORE',750),('snd_srv_afkwarn','AFK Warning','snt_sounds/ypp_strings.mp3',0.1,'SYSTEM',0),('snd_srv_login','YPP Login','snt_sounds/ypp_login.mp3',2,'SYSTEM',0),('snd_srv_sting','YPP Sting','snt_sounds/ypp_sting.mp3',1.2,'SYSTEM',0),('snd_sus','Among Us Sting','snt_sounds/uhoh_sussy.mp3',3,'STORE',2500),('snd_tada','Tada','snt_sounds/tada.mp3',1,'STORE',250),('snd_uuua','UUUA','snt_sounds/uuua.mp3',1,'STORE',1000),('snd_vsce','VSauce Scream','snt_sounds/vsauce_scream.mp3',1,'STORE',1500),('snd_w95s','Windows 95 Startup','snt_sounds/win95_start.mp3',5.2,'STORE',1000),('snd_w98l','Windows 98 Shutdown','snt_sounds/win98_shut.mp3',3.2,'STORE',1000),('snd_w98s','Windows 98 Startup','snt_sounds/win98_start.mp3',6.5,'STORE',1000),('snd_womy','Woomy','snt_sounds/woomy.mp3',0.4,'STORE',750),('snd_wooo','Cr1tikal Woo','snt_sounds/cr1tikal_woo.mp3',1,'STORE',1500),('snd_wrng','Wrong','snt_sounds/wrong.mp3',1,'STORE',500),('snd_wXPl','Windows XP Shutdown','snt_sounds/winXP_shut.mp3',2.2,'STORE',1000),('snd_wXPs','Windows XP Startup','snt_sounds/winXP_start.mp3',3.3,'STORE',1000),('snd_yarr','Yarr','snt_sounds/ypp_yarr.mp3',1,'REGULAR',0),('snd_yipe','Yipeee','snt_sounds/yipee.mp3',0.2,'STORE',2500),('snd_yoyi','YOYOI','snt_sounds/yoyoi.mp3',0.5,'STORE',500);

/* Tags */
INSERT INTO `str_tags` (item_id, name, display, color_trie, owner_id, price)  VALUES ('tag_ace','Asexual','Ace','darkmagenta','STORE',750),('tag_alco','Alcoholic','Alcoholic','mediumpurple','STORE',2500),('tag_alin','Alien','Alien','lime','STORE',750),('tag_angl','Angel','Angel','snow','STORE',1000),('tag_aro','Aromantic','Aro','selfmade','STORE',750),('tag_asin','Assassin','Assassin','darkslategray','STORE',1000),('tag_awd_bgum','Air Arena','air_arena','seashell','U:1:76662565',0),('tag_awd_crls','Carlos','Carlos','midnightblue','U:1:469426683',0),('tag_awd_fat','Fattest Surfer','Fattest Surfer','turquoise','U:1:105279633',0),('tag_awd_og','OG','OG','collectors','U:1:129770678',0),('tag_awd_twrp','twerp','twerp','darkorange','U:1:387291587',0),('tag_baka','Baka','Baka','cyan','STORE',750),('tag_bgns','Bgn Surfer','Bgn Surfer','lightgray','REGULAR',0),('tag_bi','Bisexual','Bi','darkorchid','STORE',750),('tag_bigl','Big Lady','Big Lady','purple','STORE',250),('tag_bigm','Big Man','Big Man','darkorange','STORE',250),('tag_bmer','Boomer','Boomer','common','STORE',750),('tag_bug','Bug','Bug','mediumturquoise','STORE',250),('tag_chad','Chad','Chad','navy','STORE',1000),('tag_chkn','Chicken','Chicken','sienna','STORE',750),('tag_chnk','Chonker','Chonker','lightsteelblue','STORE',750),('tag_cont','Contributor','Contributor','darkslateblue','CONTRIBUTOR',0),('tag_dank','Dank','Dank','forestgreen','STORE',250),('tag_degn','Degenerate','Degenerate','maroon','STORE',2500),('tag_desg','Designer','Designer','lavenderblush','CONTRIBUTOR',0),('tag_dj','DJ','DJ','cornflowerblue','STORE',750),('tag_dmon','Demon','Demon','corrupted','STORE',1000),('tag_dnte','Donator','Donator','immortal','DONATOR',0),('tag_drug','Druggie','Druggie','palegoldenrod','STORE',2500),('tag_dvil','Devil','Devil','maroon','STORE',1000),('tag_erly','Early Supporter','Early Supporter','gold','SUPPORTER',0),('tag_evnt_tpo','Surf\'n\'Turf 3.0','3.0','limegreen','THREEPOINTO',0),('tag_exlr','Explorer','Explorer','darkolivegreen','STORE',250),('tag_exps','Exp Surfer','Exp Surfer','dimgray','REGULAR',0),('tag_femb','Femboy','Femboy','deeppink','STORE',2500),('tag_frek','Freak','Freak','indigo','STORE',1000),('tag_frnd','Friendly','Friendly','community','STORE',750),('tag_frst','First Day','First Day','silver','SUPPORTER',0),('tag_fury','Furry','Furry','orchid','STORE',5000),('tag_game','Gamer','Gamer','mediumblue','STORE',2500),('tag_gay','Gay','Gay','slateblue','STORE',750),('tag_gbln','Goblin','Goblin','indianred','STORE',500),('tag_gdss','Goddess','Goddess','immortal','STORE',5000),('tag_gnme','Gnome','Gnome','darkseagreen','STORE',250),('tag_god','God','God','yellow','STORE',5000),('tag_goon','Gooner','Gooner','ghostwhite','STORE',10000),('tag_greg','Greg','Greg','peru','STORE',750),('tag_hart','Heart','<3','hotpink','STORE',2000),('tag_hipp','Hippie','Hippie','lightpink','STORE',1000),('tag_hist','Historic','Historic','vintage','SUPPORTER',0),('tag_hlpr','Helper','Helper','mediumaquamarine','CONTRIBUTOR',0),('tag_hmie','Homie','Homie','steelblue','STORE',1000),('tag_hntr','Hunter','Hunter','olive','STORE',750),('tag_homo','Homo','Homo','magenta','STORE',750),('tag_ints','Int Surfer','Int Surfer','gray','REGULAR',0),('tag_kbld','Kobold','Kobold','firebrick','STORE',500),('tag_kilr','Killer','Killer','darkslategrey','STORE',500),('tag_lady','Lady','Lady','hotpink','STORE',2500),('tag_les','Lesbian','Lesbian','darkorange','STORE',750),('tag_lord','Lord','Lord','midnightblue','STORE',2500),('tag_mapr','Mapper','Mapper','aquamarine','CONTRIBUTOR',0),('tag_mech','Mechanic','Mechanic','steelblue','STORE',750),('tag_msts','Mst Surfer','Mst Surfer','black','REGULAR',0),('tag_nerd','Nerd','Nerd','uncommon','STORE',500),('tag_news','New Surfer','New Surfer','white','REGULAR',0),('tag_nonb','Nonbinary','Nonbinary','yellow','STORE',750),('tag_owo','OwO','OwO','lightpink','STORE',1500),('tag_pan','Pansexual','Pan','deeppink','STORE',750),('tag_pirt','Pirate','Pirate','black','REGULAR',0),('tag_poli','Politician','Politician','navy','STORE',7500),('tag_rich','Rich','Rich','forestgreen','DONATOR',0),('tag_robt','Robot','Robot','steelblue','STORE',750),('tag_sexy','Sexy','Sexy','fuschia','STORE',5000),('tag_shek','Shrek','Shrek','community','STORE',1500),('tag_simp','Simp','Simp','plum','STORE',3000),('tag_snt','SurfNTurf','SurfNTurf','mistyrose','STORE',2000),('tag_stnk','Stinky','Stinky','darkolivegreen','STORE',1500),('tag_stnr','Stoner','Stoner','forestgreen','STORE',2500),('tag_stpd','Stupid','Stupid','firebrick','STORE',500),('tag_sus','Sus','Sus','fullred','STORE',5000),('tag_susy','Sussy','Sussy','fullred','STORE',5000),('tag_trns','Transexual','Trans','seashell','STORE',750),('tag_trsf','Trans F','TransF','lightpink','STORE',750),('tag_trsm','Trans M','TransM','powderblue','STORE',750),('tag_tryh','Tryhard','Tryhard','goldenrod','STORE',750),('tag_tsun','Tsundere','Tsundere','lightblue','STORE',1000),('tag_uwu','UwU','UwU','lightpink','STORE',1500),('tag_vip','VIP','VIP','darkviolet','DONATOR',0),('tag_vrgn','Virgin','Virgin','dimgrey','STORE',1000),('tag_weeb','Weeb','Weeb','lightsalmon','STORE',5000),('tag_worm','Worm','Worm','salmon','STORE',750),('tag_wrdo','Weirdo','Weirdo','mediumpurple','STORE',1000);

/* Trails */
INSERT INTO `str_trails` (item_id, name, vtf, vmt, owner_id, price) VALUES ('trl_aana','surf_air_arena_v4','materials/snt_trails/trail_surf_air_arena.vtf','materials/snt_trails/trail_surf_air_arena.vmt','STORE',750),('trl_ace','Ace Flag','materials/snt_trails/trail_aceflag.vtf','materials/snt_trails/trail_aceflag.vmt','STORE',250),('trl_aro','Aro Flag','materials/snt_trails/trail_aroflag.vtf','materials/snt_trails/trail_aroflag.vmt','STORE',250),('trl_awd_bgum','Masurian Flag','materials/snt_trails/trail_awd_bubgum.vtf','materials/snt_trails/trail_awd_bubgum.vmt','[U:1:76662565]',0),('trl_awd_prflag','Puerto Rican Flag','materials/snt_trails/trail_pr_flag2.vtf','materials/snt_trails/trail_pr_flag_fix.vmt','[U:1:469426683]',0),('trl_awd_tube','Tube','materials/snt_trails/trail_tube_nrm.vtf','materials/snt_trails/trail_tube.vmt','[U:1:889770245]',0),('trl_awsm','Awesome Face','materials/snt_trails/trail_awesomeface.vtf','materials/snt_trails/trail_awesomeface.vmt','STORE',1000),('trl_bbad','Bweaking Bad','materials/snt_trails/trail_breakingbad.vtf','materials/snt_trails/trail_breakingbad.vmt','STORE',750),('trl_beam','Regular Beam','materials/snt_trails/trail_beam.vtf','materials/snt_trails/trail_beam.vmt','STORE',500),('trl_dick','Dicks','materials/snt_trails/trail_phallus.vtf','materials/snt_trails/trail_phallus.vmt','STORE',1500),('trl_epus','Evil Pussy','materials/snt_trails/trail_evil.vtf','materials/snt_trails/trail_evil.vmt','STORE',500),('trl_fggt','Faggot','materials/snt_trails/trail_fraggot.vtf','materials/snt_trails/trail_fraggot.vmt','STORE',1000),('trl_gman','GMan Face','materials/snt_trails/trail_gmanface.vtf','materials/snt_trails/trail_gmanface.vmt','STORE',1000),('trl_gooy','Word of Goo','materials/snt_trails/trail_gooey_fix.vtf','materials/snt_trails/trail_gooey_fix.vmt','STORE',500),('trl_hrts','Hearts','materials/snt_trails/trail_hearts.vtf','materials/snt_trails/trail_hearts.vmt','STORE',1000),('trl_lgbt','LGBT Flag','materials/snt_trails/trail_lgbtflag.vtf','materials/snt_trails/trail_lgbtflag.vmt','STORE',250),('trl_logo_blue','SnT Logo (Blue)','materials/snt_trails/trail_logo_blue.vtf','materials/snt_trails/trail_logo_blue.vmt','STORE',1000),('trl_logo_orng','SnT Logo (Orange)','materials/snt_trails/trail_logo_orange.vtf','materials/snt_trails/trail_logo_orange.vmt','STORE',1000),('trl_lolo','LOLOLOLO','materials/snt_trails/trail_lololo.vtf','materials/snt_trails/trail_lololo.vmt','STORE',1000),('trl_mdrl','Mandrill','materials/snt_trails/trail_mandrill.vtf','materials/snt_trails/trail_mandrill.vmt','STORE',250),('trl_mkpl','Markiplier FNAF','materials/snt_trails/trail_markiplier.vtf','materials/snt_trails/trail_markiplier.vmt','STORE',750),('trl_mnon','Minions','materials/snt_trails/trail_minions.vtf','materials/snt_trails/trail_minions.vmt','STORE',750),('trl_mnst','Monster Cans','materials/snt_trails/trail_mnstrcan.vtf','materials/snt_trails/trail_mnstrcan.vmt','STORE',1000),('trl_mtdw','Mountain Dew','materials/snt_trails/trail_mtndew.vtf','materials/snt_trails/trail_mtndew.vmt','STORE',1000),('trl_nyan','Nyan Cat','materials/snt_trails/trail_nyancat.vtf','materials/snt_trails/trail_nyancat.vmt','STORE',2000),('trl_pdig','Pro Digger','materials/snt_trails/trail_prodigger.vtf','materials/snt_trails/trail_prodigger.vmt','STORE',500),('trl_pflg','Pirate Flag','materials/snt_trails/trail_pirateflag.vtf','materials/snt_trails/trail_pirateflag.vmt','REGUALR',0),('trl_rnbw','Rainbow','materials/snt_trails/trail_rainbow.vtf','materials/snt_trails/trail_rainbow.vmt','STORE',2000),('trl_schu','Sonichu','materials/snt_trails/trail_sonichu.vtf','materials/snt_trails/trail_sonichu.vmt','STORE',500),('trl_seus','Seussian','materials/snt_trails/trail_drseuss_fix.vtf','materials/snt_trails/trail_drseuss_fix.vmt','STORE',250),('trl_skbd','Skibidi','materials/snt_trails/trail_skibi.vtf','materials/snt_trails/trail_skibi.vmt','STORE',750),('trl_spdg','Snoop Dogg','materials/snt_trails/trail_snoopdogg.vtf','materials/snt_trails/trail_snoopdogg.vmt','STORE',1000),('trl_spyq','Impressive - Spy','materials/snt_trails/trail_spyquote.vtf','materials/snt_trails/trail_spyquote.vmt','STORE',250),('trl_star','Stars','materials/snt_trails/trail_stars.vtf','materials/snt_trails/trail_stars.vmt','STORE',500),('trl_swfk','Snowflakes','materials/snt_trails/trail_snowflakes.vtf','materials/snt_trails/trail_snowflakes.vmt','STORE',1500),('trl_thug','Thug Life','materials/snt_trails/trail_thuglife.vtf','materials/snt_trails/trail_thuglife.vmt','STORE',500),('trl_tran','Trans Flag','materials/snt_trails/trail_transflag.vtf','materials/snt_trails/trail_transflag.vmt','STORE',250),('trl_trll','Troll Face','materials/snt_trails/trail_trollface.vtf','materials/snt_trails/trail_trollface.vmt','STORE',750),('trl_twrp','-twerp','materials/snt_trails/trail_twerp.vtf','materials/snt_trails/trail_twerp.vmt','STORE',1000),('trl_weed','Weed Leaves','materials/snt_trails/trail_weed.vtf','materials/snt_trails/trail_weed.vmt','STORE',1000),('trl_wsmh','Will Smith','materials/snt_trails/trail_willsmith.vtf','materials/snt_trails/trail_willsmith.vmt','STORE',750),('trl_yiff','Yiff','materials/snt_trails/trail_yiff.vtf','materials/snt_trails/trail_yiff.vmt','STORE',750);